Category,Subcategory,Brand,Product name,Size,Packaging / selling unit,Price tag (₦),Price range (₦),Price low (₦),Price high (₦),Price source / note
Drinks & Beverages,Carbonated soft drinks,Coca-Cola,Original Coca-Cola,300–350 ml,PET bottle,350,₦250–₦500,250,500,Estimated planning price; verify with local suppliers
Drinks & Beverages,Carbonated soft drinks,Coca-Cola,Original Coca-Cola,50 cl,PET bottle,450,₦300–₦600,300,600,Estimated planning price; verify with local suppliers
Drinks & Beverages,Carbonated soft drinks,Coca-Cola,Original Coca-Cola,60 cl,PET bottle,500,₦350–₦650,350,650,Estimated planning price; verify with local suppliers
Drinks & Beverages,Carbonated soft drinks,Coca-Cola,Original Coca-Cola,1 L,PET bottle,800,"₦600–₦1,100",600,1100,Estimated planning price; verify with local suppliers
Drinks & Beverages,Carbonated soft drinks,Coca-Cola,Original Coca-Cola,1.5 L,PET bottle,1100,"₦800–₦1,500",800,1500,Estimated planning price; verify with local suppliers
Drinks & Beverages,Carbonated soft drinks,Coca-Cola,Original Coca-Cola,33 cl,Can,550,₦350–₦700,350,700,Estimated planning price; verify with local suppliers
Drinks & Beverages,Carbonated soft drinks,Coca-Cola,Coca-Cola Zero Sugar,33 cl,Can,550,₦350–₦750,350,750,Estimated planning price; verify with local suppliers
Drinks & Beverages,Carbonated soft drinks,Coca-Cola,Coca-Cola Zero Sugar,50 cl,PET bottle,500,₦350–₦700,350,700,Estimated planning price; verify with local suppliers
Drinks & Beverages,Carbonated soft drinks,Fanta,Fanta Orange,33 cl,Can,550,₦350–₦700,350,700,Estimated planning price; verify with local suppliers
Drinks & Beverages,Carbonated soft drinks,Fanta,Fanta Orange,35 cl,PET bottle,350,₦230–₦500,230,500,Estimated planning price; verify with local suppliers
Drinks & Beverages,Carbonated soft drinks,Fanta,Fanta Orange,50 cl,PET bottle,450,₦300–₦600,300,600,Estimated planning price; verify with local suppliers
Drinks & Beverages,Carbonated soft drinks,Fanta,Fanta Orange,1 L,PET bottle,800,"₦600–₦1,100",600,1100,Estimated planning price; verify with local suppliers
Drinks & Beverages,Carbonated soft drinks,Fanta,Fanta Orange,1.5 L,PET bottle,1100,"₦800–₦1,500",800,1500,Estimated planning price; verify with local suppliers
Drinks & Beverages,Carbonated soft drinks,Sprite,Sprite Lemon-Lime,33 cl,Can,550,₦350–₦700,350,700,Estimated planning price; verify with local suppliers
Drinks & Beverages,Carbonated soft drinks,Sprite,Sprite Lemon-Lime,35 cl,PET bottle,350,₦230–₦500,230,500,Estimated planning price; verify with local suppliers
Drinks & Beverages,Carbonated soft drinks,Sprite,Sprite Lemon-Lime,50 cl,PET bottle,450,₦300–₦600,300,600,Estimated planning price; verify with local suppliers
Drinks & Beverages,Carbonated soft drinks,Sprite,Sprite Lemon-Lime,1 L,PET bottle,800,"₦600–₦1,100",600,1100,Estimated planning price; verify with local suppliers
Drinks & Beverages,Carbonated soft drinks,Sprite,Sprite Lemon-Lime,1.5 L,PET bottle,1100,"₦800–₦1,500",800,1500,Estimated planning price; verify with local suppliers
Drinks & Beverages,Carbonated soft drinks,Pepsi,Pepsi Cola,33 cl,Can,500,₦350–₦700,350,700,Estimated planning price; verify with local suppliers
Drinks & Beverages,Carbonated soft drinks,Pepsi,Pepsi Cola,50 cl,PET bottle,450,₦300–₦600,300,600,Estimated planning price; verify with local suppliers
Drinks & Beverages,Carbonated soft drinks,Pepsi,Pepsi Cola,1 L,PET bottle,800,"₦600–₦1,100",600,1100,Estimated planning price; verify with local suppliers
Drinks & Beverages,Carbonated soft drinks,Pepsi,Pepsi Cola,1.5 L,PET bottle,1100,"₦800–₦1,500",800,1500,Estimated planning price; verify with local suppliers
Drinks & Beverages,Carbonated soft drinks,7Up,7Up Lemon-Lime,33 cl,Can,500,₦350–₦700,350,700,Estimated planning price; verify with local suppliers
Drinks & Beverages,Carbonated soft drinks,7Up,7Up Lemon-Lime,50 cl,PET bottle,450,₦300–₦600,300,600,Estimated planning price; verify with local suppliers
Drinks & Beverages,Carbonated soft drinks,7Up,7Up Lemon-Lime,1 L,PET bottle,800,"₦600–₦1,100",600,1100,Estimated planning price; verify with local suppliers
Drinks & Beverages,Carbonated soft drinks,Mirinda,Mirinda Orange,33 cl,Can,500,₦350–₦700,350,700,Estimated planning price; verify with local suppliers
Drinks & Beverages,Carbonated soft drinks,Mirinda,Mirinda Orange,50 cl,PET bottle,450,₦300–₦600,300,600,Estimated planning price; verify with local suppliers
Drinks & Beverages,Carbonated soft drinks,Mirinda,Mirinda Orange,1 L,PET bottle,800,"₦600–₦1,100",600,1100,Estimated planning price; verify with local suppliers
Drinks & Beverages,Carbonated soft drinks,Bigi,Bigi Cola,35 cl,PET bottle,250,₦180–₦350,180,350,Estimated planning price; verify with local suppliers
Drinks & Beverages,Carbonated soft drinks,Bigi,Bigi Orange,35 cl,PET bottle,250,₦180–₦350,180,350,Estimated planning price; verify with local suppliers
Drinks & Beverages,Carbonated soft drinks,Bigi,Bigi Apple,35 cl,PET bottle,250,₦180–₦350,180,350,Estimated planning price; verify with local suppliers
Drinks & Beverages,Carbonated soft drinks,Bigi,Bigi Chapman,35 cl,PET bottle,250,₦180–₦350,180,350,Estimated planning price; verify with local suppliers
Drinks & Beverages,Carbonated soft drinks,Bigi,Bigi Tropical,50 cl,PET bottle,300,₦200–₦400,200,400,Estimated planning price; verify with local suppliers
Drinks & Beverages,Carbonated soft drinks,La Casera,Apple drink,35 cl,PET bottle,350,₦250–₦500,250,500,Estimated planning price; verify with local suppliers
Drinks & Beverages,Carbonated soft drinks,Limca,Lime & Lemon,60 cl,PET bottle,450,₦300–₦600,300,600,Estimated planning price; verify with local suppliers
Drinks & Beverages,Carbonated soft drinks,Schweppes,Tonic Water,33 cl,Can,600,₦400–₦800,400,800,Estimated planning price; verify with local suppliers
Drinks & Beverages,Carbonated soft drinks,Schweppes,Bitter Lemon,33 cl,Can,600,₦400–₦800,400,800,Estimated planning price; verify with local suppliers
Drinks & Beverages,Carbonated soft drinks,Schweppes,Chapman,33 cl,Can,600,₦400–₦800,400,800,Estimated planning price; verify with local suppliers
Drinks & Beverages,Carbonated soft drinks,Fayrouz,Pineapple,33 cl,Can,600,₦450–₦800,450,800,Estimated planning price; verify with local suppliers
Drinks & Beverages,Carbonated soft drinks,Fayrouz,Apple & Watermelon,33 cl,Can,600,₦450–₦800,450,800,Estimated planning price; verify with local suppliers
Drinks & Beverages,Bottled & table water,Eva,Table water,50 cl,PET bottle,250,₦150–₦350,150,350,Estimated planning price; verify with local suppliers
Drinks & Beverages,Bottled & table water,Eva,Table water,75 cl,PET bottle,300,₦180–₦400,180,400,Estimated planning price; verify with local suppliers
Drinks & Beverages,Bottled & table water,Eva,Table water,1.5 L,PET bottle,450,₦250–₦600,250,600,Estimated planning price; verify with local suppliers
Drinks & Beverages,Bottled & table water,Eva,Table water,5 L,Bottle,1200,"₦800–₦1,800",800,1800,Estimated planning price; verify with local suppliers
Drinks & Beverages,Bottled & table water,Nestlé Pure Life,Table water,50 cl,PET bottle,250,₦150–₦350,150,350,Estimated planning price; verify with local suppliers
Drinks & Beverages,Bottled & table water,Nestlé Pure Life,Table water,1.5 L,PET bottle,450,₦250–₦600,250,600,Estimated planning price; verify with local suppliers
Drinks & Beverages,Bottled & table water,CWAY,Table water,50 cl,PET bottle,250,₦150–₦350,150,350,Estimated planning price; verify with local suppliers
Drinks & Beverages,Bottled & table water,CWAY,Table water,75 cl,PET bottle,300,₦180–₦400,180,400,Estimated planning price; verify with local suppliers
Drinks & Beverages,Bottled & table water,CWAY,Dispenser water,18.9 L,Refill bottle,1800,"₦1,200–₦3,000",1200,3000,Estimated planning price; verify with local suppliers
Drinks & Beverages,Bottled & table water,Table water (local brands),Table water,50 cl,PET bottle,200,₦100–₦300,100,300,Estimated planning price; verify with local suppliers
Drinks & Beverages,Bottled & table water,Table water (local brands),Table water,75 cl,PET bottle,250,₦150–₦350,150,350,Estimated planning price; verify with local suppliers
Drinks & Beverages,Bottled & table water,Table water (local brands),Table water,1.5 L,PET bottle,400,₦250–₦600,250,600,Estimated planning price; verify with local suppliers
Drinks & Beverages,Malt drinks,Maltina,Original malt drink,33 cl,Can,650,₦450–₦850,450,850,Estimated planning price; verify with local suppliers
Drinks & Beverages,Malt drinks,Maltina,Original malt drink,33 cl,Glass bottle,600,₦400–₦800,400,800,Estimated planning price; verify with local suppliers
Drinks & Beverages,Malt drinks,Maltina,Pineapple malt drink,33 cl,Can,650,₦450–₦850,450,850,Estimated planning price; verify with local suppliers
Drinks & Beverages,Malt drinks,Maltina,Vanilla malt drink,33 cl,Can,650,₦450–₦850,450,850,Estimated planning price; verify with local suppliers
Drinks & Beverages,Malt drinks,Amstel Malta,Original malt drink,33 cl,Can,700,₦450–₦900,450,900,Estimated planning price; verify with local suppliers
Drinks & Beverages,Malt drinks,Amstel Malta,Original malt drink,33 cl,Bottle,650,₦450–₦850,450,850,Estimated planning price; verify with local suppliers
Drinks & Beverages,Malt drinks,Malta Guinness,Original malt drink,33 cl,Can,700,₦500–₦900,500,900,Estimated planning price; verify with local suppliers
Drinks & Beverages,Malt drinks,Malta Guinness,Original malt drink,33 cl,Bottle,650,₦450–₦850,450,850,Estimated planning price; verify with local suppliers
Drinks & Beverages,Malt drinks,Dubic,Malt drink,33 cl,Can,600,₦400–₦800,400,800,Estimated planning price; verify with local suppliers
Drinks & Beverages,Malt drinks,Dubic,Malt drink,33 cl,Bottle,550,₦350–₦750,350,750,Estimated planning price; verify with local suppliers
Drinks & Beverages,Malt drinks,Maltonic,Malt / tonic drink,33 cl,Can,650,₦450–₦850,450,850,Estimated planning price; verify with local suppliers
Drinks & Beverages,Energy & functional drinks,Fearless,Energy drink,40 cl,PET bottle,600,₦400–₦800,400,800,Estimated planning price; verify with local suppliers
Drinks & Beverages,Energy & functional drinks,Fearless,Energy drink,50 cl,PET bottle,750,"₦500–₦1,000",500,1000,Estimated planning price; verify with local suppliers
Drinks & Beverages,Energy & functional drinks,Predator,Energy drink,40 cl,PET bottle,600,₦400–₦800,400,800,Estimated planning price; verify with local suppliers
Drinks & Beverages,Energy & functional drinks,Predator,Energy drink,50 cl,PET bottle,750,"₦500–₦1,000",500,1000,Estimated planning price; verify with local suppliers
Drinks & Beverages,Energy & functional drinks,Power Horse,Energy drink,25 cl,Can,1200,"₦800–₦1,600",800,1600,Estimated planning price; verify with local suppliers
Drinks & Beverages,Energy & functional drinks,Power Horse,Energy drink,50 cl,Can,1800,"₦1,200–₦2,500",1200,2500,Estimated planning price; verify with local suppliers
Drinks & Beverages,Energy & functional drinks,Red Bull,Energy drink,25 cl,Can,1700,"₦1,200–₦2,200",1200,2200,Estimated planning price; verify with local suppliers
Drinks & Beverages,Energy & functional drinks,Monster,Energy drink,44 cl,Can,1500,"₦900–₦2,000",900,2000,Estimated planning price; verify with local suppliers
Drinks & Beverages,Energy & functional drinks,Climax,Energy drink,33 cl,Can,1000,"₦700–₦1,400",700,1400,Estimated planning price; verify with local suppliers
Drinks & Beverages,Energy & functional drinks,Lucozade,Energy / glucose drink,380 ml,PET bottle,800,"₦500–₦1,100",500,1100,Estimated planning price; verify with local suppliers
Drinks & Beverages,Energy & functional drinks,Lucozade,Energy / glucose drink,500 ml,PET bottle,1000,"₦700–₦1,400",700,1400,Estimated planning price; verify with local suppliers
Drinks & Beverages,Energy & functional drinks,Predator,Malt Smash / energy variant,40 cl,PET bottle,600,₦400–₦800,400,800,Estimated planning price; verify with local suppliers
Drinks & Beverages,Juices & fruit drinks,Chivita,Active Citrus,315 ml,Carton / bottle,650,₦450–₦850,450,850,Estimated planning price; verify with local suppliers
Drinks & Beverages,Juices & fruit drinks,Chivita,Active Zest,33 cl,Can,700,₦500–₦900,500,900,Estimated planning price; verify with local suppliers
Drinks & Beverages,Juices & fruit drinks,Chivita,Active Zest,1 L,Carton,2000,"₦1,400–₦2,800",1400,2800,Estimated planning price; verify with local suppliers
Drinks & Beverages,Juices & fruit drinks,Chivita,100% Orange juice,1 L,Carton,2800,"₦2,000–₦3,500",2000,3500,Estimated planning price; verify with local suppliers
Drinks & Beverages,Juices & fruit drinks,Chivita,100% Apple juice,1 L,Carton,2800,"₦2,000–₦3,500",2000,3500,Estimated planning price; verify with local suppliers
Drinks & Beverages,Juices & fruit drinks,Chivita,Exotic,1 L,Carton,1800,"₦1,200–₦2,500",1200,2500,Estimated planning price; verify with local suppliers
Drinks & Beverages,Juices & fruit drinks,5 Alive,Pulpy Orange,30–35 cl,PET bottle,450,₦300–₦600,300,600,Estimated planning price; verify with local suppliers
Drinks & Beverages,Juices & fruit drinks,5 Alive,Pulpy Orange,85 cl,PET bottle,1500,"₦1,000–₦1,900",1000,1900,Estimated planning price; verify with local suppliers
Drinks & Beverages,Juices & fruit drinks,5 Alive,Pulpy Tropical,85 cl,PET bottle,1500,"₦1,000–₦1,900",1000,1900,Estimated planning price; verify with local suppliers
Drinks & Beverages,Juices & fruit drinks,Chi,Exotic,250 ml,Carton,450,₦300–₦600,300,600,Estimated planning price; verify with local suppliers
Drinks & Beverages,Juices & fruit drinks,Chi,Exotic,500 ml,Carton / bottle,800,"₦500–₦1,100",500,1100,Estimated planning price; verify with local suppliers
Drinks & Beverages,Juices & fruit drinks,Chi,Exotic,1 L,Carton,1800,"₦1,200–₦2,500",1200,2500,Estimated planning price; verify with local suppliers
Drinks & Beverages,Juices & fruit drinks,Hollandia,Yoghurt drink,180 ml,Bottle,600,₦400–₦800,400,800,Estimated planning price; verify with local suppliers
Drinks & Beverages,Juices & fruit drinks,Hollandia,Yoghurt drink,315 ml,Bottle,900,"₦600–₦1,200",600,1200,Estimated planning price; verify with local suppliers
Drinks & Beverages,Juices & fruit drinks,Hollandia,Yoghurt drink,500 ml,Bottle,1400,"₦900–₦1,800",900,1800,Estimated planning price; verify with local suppliers
Drinks & Beverages,Juices & fruit drinks,Hollandia,Yoghurt drink,1 L,Bottle,2500,"₦1,800–₦3,200",1800,3200,Estimated planning price; verify with local suppliers
Drinks & Beverages,Juices & fruit drinks,Capri-Sun,Fruit drink,20 cl,Pouch,400,₦250–₦550,250,550,Estimated planning price; verify with local suppliers
Drinks & Beverages,Juices & fruit drinks,Viju,V-Cool cola / fruit drink,50 cl,Bottle,500,₦350–₦700,350,700,Estimated planning price; verify with local suppliers
Drinks & Beverages,Juices & fruit drinks,CWAY,Peach fruit drink,500 ml,Bottle,1000,"₦700–₦1,300",700,1300,Estimated planning price; verify with local suppliers
Drinks & Beverages,Juices & fruit drinks,Fross,Vitamin C fruit drink,250 ml,Bottle,500,₦300–₦700,300,700,Estimated planning price; verify with local suppliers
Drinks & Beverages,Juices & fruit drinks,La Casera,Apple drink,1 L,PET bottle,900,"₦600–₦1,200",600,1200,Estimated planning price; verify with local suppliers
Drinks & Beverages,"Dairy, soy & hot beverage drinks",Peak,UHT full cream milk,1 L,Carton,4000,"₦3,000–₦5,000",3000,5000,Estimated planning price; verify with local suppliers
Drinks & Beverages,"Dairy, soy & hot beverage drinks",Peak,Evaporated milk,160 g,Tin,900,"₦600–₦1,200",600,1200,Estimated planning price; verify with local suppliers
Drinks & Beverages,"Dairy, soy & hot beverage drinks",Hollandia,UHT milk,1 L,Carton,3500,"₦2,500–₦4,500",2500,4500,Estimated planning price; verify with local suppliers
Drinks & Beverages,"Dairy, soy & hot beverage drinks",Dano,UHT milk,1 L,Carton,3500,"₦2,500–₦4,500",2500,4500,Estimated planning price; verify with local suppliers
Drinks & Beverages,"Dairy, soy & hot beverage drinks",Loya,Milk powder,20 g,Sachet,150,₦80–₦250,80,250,Estimated planning price; verify with local suppliers
Drinks & Beverages,"Dairy, soy & hot beverage drinks",Loya,Milk powder,250 g,Pouch / tin,3500,"₦2,500–₦4,500",2500,4500,Estimated planning price; verify with local suppliers
Drinks & Beverages,"Dairy, soy & hot beverage drinks",Milo,Malted chocolate beverage,20 g,Sachet,150,₦80–₦250,80,250,Estimated planning price; verify with local suppliers
Drinks & Beverages,"Dairy, soy & hot beverage drinks",Milo,Malted chocolate beverage,250 g,Pouch / tin,3500,"₦2,500–₦5,000",2500,5000,Estimated planning price; verify with local suppliers
Drinks & Beverages,"Dairy, soy & hot beverage drinks",Milo,Malted chocolate beverage,500 g,Pouch / tin,6500,"₦4,500–₦8,500",4500,8500,Estimated planning price; verify with local suppliers
Drinks & Beverages,"Dairy, soy & hot beverage drinks",Bournvita,Malted chocolate beverage,20 g,Sachet,150,₦80–₦250,80,250,Estimated planning price; verify with local suppliers
Drinks & Beverages,"Dairy, soy & hot beverage drinks",Bournvita,Malted chocolate beverage,250 g,Pouch / tin,3000,"₦2,000–₦4,500",2000,4500,Estimated planning price; verify with local suppliers
Drinks & Beverages,"Dairy, soy & hot beverage drinks",Bournvita,Malted chocolate beverage,500 g,Pouch / tin,5500,"₦4,000–₦7,500",4000,7500,Estimated planning price; verify with local suppliers
Drinks & Beverages,"Dairy, soy & hot beverage drinks",Nescafé,Instant coffee,sachet,Single sachet,150,₦80–₦250,80,250,Estimated planning price; verify with local suppliers
Drinks & Beverages,"Dairy, soy & hot beverage drinks",Nescafé,Instant coffee,50 g,Jar,2500,"₦1,800–₦3,500",1800,3500,Estimated planning price; verify with local suppliers
Drinks & Beverages,"Dairy, soy & hot beverage drinks",Nescafé,Instant coffee,100 g,Jar,4500,"₦3,000–₦6,000",3000,6000,Estimated planning price; verify with local suppliers
Drinks & Beverages,"Dairy, soy & hot beverage drinks",Vitamilk,Soy milk drink,30 cl,Bottle,1800,"₦1,200–₦2,200",1200,2200,Estimated planning price; verify with local suppliers
Drinks & Beverages,"Dairy, soy & hot beverage drinks",Nutri Milk,Flavoured dairy / nutrition drink,200 ml,Bottle,600,₦400–₦800,400,800,Estimated planning price; verify with local suppliers
Drinks & Beverages,Local & traditional non-alcoholic drinks,Local / in-house brand,Zobo drink,35 cl,Sealed bottle,500,₦250–₦800,250,800,Estimated planning price; verify with local suppliers
Drinks & Beverages,Local & traditional non-alcoholic drinks,Local / in-house brand,Zobo drink,50 cl,Sealed bottle,700,"₦400–₦1,000",400,1000,Estimated planning price; verify with local suppliers
Drinks & Beverages,Local & traditional non-alcoholic drinks,Local / in-house brand,Kunu drink,35 cl,Sealed bottle,400,₦200–₦700,200,700,Estimated planning price; verify with local suppliers
Drinks & Beverages,Local & traditional non-alcoholic drinks,Local / in-house brand,Kunu drink,50 cl,Sealed bottle,600,₦300–₦900,300,900,Estimated planning price; verify with local suppliers
Drinks & Beverages,Local & traditional non-alcoholic drinks,Local / in-house brand,Fura da nono,35 cl,Sealed bottle,700,"₦400–₦1,000",400,1000,Estimated planning price; verify with local suppliers
Drinks & Beverages,Local & traditional non-alcoholic drinks,Local / in-house brand,Ginger drink,35 cl,Sealed bottle,600,₦300–₦900,300,900,Estimated planning price; verify with local suppliers
Drinks & Beverages,Local & traditional non-alcoholic drinks,Local / in-house brand,Lemonade,35 cl,Sealed bottle,500,₦250–₦800,250,800,Estimated planning price; verify with local suppliers
